{
    "7fb5c80d971cf4d87ad12f1fa7de72cc": {
        "lastModified": 1632551494,
        "hash": "d83b5b728a2f203e9aeea3f40f87e2da",
        "path": "\/Caches\/Tmp\/7fb5c80d971cf4d87ad12f1fa7de72cc.cache",
        "file": ".\/src\/components\/Template\/header.html"
    },
    "bdfb2c008f9d717b77bb1d9bff9192ef": {
        "lastModified": 1632594267,
        "hash": "68c2bdc8fc0d446851dfa07294a2a7d4",
        "path": "\/Caches\/Tmp\/bdfb2c008f9d717b77bb1d9bff9192ef.cache",
        "file": ".\/.\/app\/App\/Views\/home.html"
    },
    "22d7c6e8742f092d35958ba04c6f6fc0": {
        "lastModified": 1632548021,
        "hash": "7e19abf1bbf78e813782e8390a197577",
        "path": "\/Caches\/Tmp\/22d7c6e8742f092d35958ba04c6f6fc0.cache",
        "file": ".\/src\/components\/Template\/footer.html"
    },
    "30c05bd63fa2eb77fa60a0d9d4327f70": {
        "lastModified": 1631271504,
        "hash": "eb2a0ae9fb5282cf41e85c14fc5b6478",
        "path": "\/Caches\/Tmp\/30c05bd63fa2eb77fa60a0d9d4327f70.cache",
        "file": ".\/.\/app\/App\/Views\/contact.html"
    },
    "a0f590514cdc15064b6f4e3ae431c5b2": {
        "lastModified": 1632593034,
        "hash": "25c3b618f955567209e15d1cd7263378",
        "path": "\/Caches\/Tmp\/a0f590514cdc15064b6f4e3ae431c5b2.cache",
        "file": ".\/.\/app\/App\/Views\/aboutus.html"
    },
    "92fe8ded4785a6d25bce8737af1e0b45": {
        "lastModified": 1632593121,
        "hash": "fe534f9db71fcd5e4cad3bf71f454af4",
        "path": "\/Caches\/Tmp\/92fe8ded4785a6d25bce8737af1e0b45.cache",
        "file": ".\/.\/app\/App\/Views\/whatwedo.html"
    },
    "4be2ad7b4923127b4c2a4aff3026c12f": {
        "lastModified": 1632593171,
        "hash": "ee803e0a0810c738418408252231400d",
        "path": "\/Caches\/Tmp\/4be2ad7b4923127b4c2a4aff3026c12f.cache",
        "file": ".\/.\/app\/App\/Views\/whatwedontdo.html"
    },
    "daf850c051be114b996555e6cef9c589": {
        "lastModified": 1632594284,
        "hash": "78b64e0831c2eff558bafd76dc8f6d6f",
        "path": "\/Caches\/Tmp\/daf850c051be114b996555e6cef9c589.cache",
        "file": ".\/.\/app\/App\/Views\/services.html"
    },
    "5ddfdd6f77caa878358d9c930c5ca803": {
        "lastModified": 1631273414,
        "hash": "df4b723210f8a13d3b7d9305bb5a19d8",
        "path": "\/Caches\/Tmp\/5ddfdd6f77caa878358d9c930c5ca803.cache",
        "file": ".\/.\/app\/App\/Views\/faq.html"
    }
}